{
  "exportedAt": "2026-02-11T01:50:22.599Z",
  "source": "api:http://127.0.0.1:3000/api/seeds",
  "count": 100,
  "rows": [
    {
      "seedId": 20002,
      "goodsId": 15,
      "plantId": 1020002,
      "name": "白萝卜",
      "requiredLevel": 1,
      "price": 2,
      "unlocked": true,
      "limitCount": 0,
      "boughtNum": 0,
      "exp": 1,
      "expPerCycle": 2,
      "growTimeSec": 60,
      "growTimeStr": "1分钟",
      "expPerHour": 120,
      "expPerGold": 1,
      "seasons": 1,
      "fruitId": 40002,
      "fruitCount": 5
    },
    {
      "seedId": 20003,
      "goodsId": 16,
      "plantId": 1020003,
      "name": "胡萝卜",
      "requiredLevel": 2,
      "price": 4,
      "unlocked": true,
      "limitCount": 0,
      "boughtNum": 0,
      "exp": 2,
      "expPerCycle": 3,
      "growTimeSec": 120,
      "growTimeStr": "2分钟",
      "expPerHour": 90,
      "expPerGold": 0.75,
      "seasons": 1,
      "fruitId": 40003,
      "fruitCount": 10
    },
    {
      "seedId": 20059,
      "goodsId": 17,
      "plantId": 1020059,
      "name": "大白菜",
      "requiredLevel": 3,
      "price": 10,
      "unlocked": true,
      "limitCount": 0,
      "boughtNum": 0,
      "exp": 5,
      "expPerCycle": 6,
      "growTimeSec": 300,
      "growTimeStr": "5分钟",
      "expPerHour": 72,
      "expPerGold": 0.6,
      "seasons": 1,
      "fruitId": 40059,
      "fruitCount": 20
    },
    {
      "seedId": 20065,
      "goodsId": 18,
      "plantId": 1020065,
      "name": "大蒜",
      "requiredLevel": 4,
      "price": 20,
      "unlocked": true,
      "limitCount": 0,
      "boughtNum": 0,
      "exp": 10,
      "expPerCycle": 11,
      "growTimeSec": 600,
      "growTimeStr": "10分钟",
      "expPerHour": 66,
      "expPerGold": 0.55,
      "seasons": 1,
      "fruitId": 40065,
      "fruitCount": 20
    },
    {
      "seedId": 20064,
      "goodsId": 115,
      "plantId": 1020064,
      "name": "大葱",
      "requiredLevel": 5,
      "price": 42,
      "unlocked": true,
      "limitCount": 0,
      "boughtNum": 0,
      "exp": 20,
      "expPerCycle": 21,
      "growTimeSec": 1200,
      "growTimeStr": "20分钟",
      "expPerHour": 63,
      "expPerGold": 0.5,
      "seasons": 1,
      "fruitId": 40064,
      "fruitCount": 30
    },
    {
      "seedId": 20060,
      "goodsId": 19,
      "plantId": 1020060,
      "name": "水稻",
      "requiredLevel": 6,
      "price": 84,
      "unlocked": true,
      "limitCount": 0,
      "boughtNum": 0,
      "exp": 41,
      "expPerCycle": 42,
      "growTimeSec": 2400,
      "growTimeStr": "40分钟",
      "expPerHour": 63,
      "expPerGold": 0.5,
      "seasons": 1,
      "fruitId": 40060,
      "fruitCount": 30
    },
    {
      "seedId": 20061,
      "goodsId": 20,
      "plantId": 1020061,
      "name": "小麦",
      "requiredLevel": 7,
      "price": 126,
      "unlocked": true,
      "limitCount": 0,
      "boughtNum": 0,
      "exp": 62,
      "expPerCycle": 63,
      "growTimeSec": 3600,
      "growTimeStr": "1小时",
      "expPerHour": 63,
      "expPerGold": 0.5,
      "seasons": 1,
      "fruitId": 40061,
      "fruitCount": 40
    },
    {
      "seedId": 20004,
      "goodsId": 21,
      "plantId": 1020004,
      "name": "玉米",
      "requiredLevel": 8,
      "price": 168,
      "unlocked": true,
      "limitCount": 0,
      "boughtNum": 0,
      "exp": 82,
      "expPerCycle": 83,
      "growTimeSec": 4800,
      "growTimeStr": "1小时20分",
      "expPerHour": 62.25,
      "expPerGold": 0.494048,
      "seasons": 1,
      "fruitId": 40004,
      "fruitCount": 40
    },
    {
      "seedId": 20066,
      "goodsId": 116,
      "plantId": 1020066,
      "name": "鲜姜",
      "requiredLevel": 9,
      "price": 223,
      "unlocked": true,
      "limitCount": 0,
      "boughtNum": 0,
      "exp": 106,
      "expPerCycle": 107,
      "growTimeSec": 6000,
      "growTimeStr": "1小时40分",
      "expPerHour": 64.2,
      "expPerGold": 0.479821,
      "seasons": 1,
      "fruitId": 40066,
      "fruitCount": 60
    },
    {
      "seedId": 20005,
      "goodsId": 22,
      "plantId": 1020005,
      "name": "土豆",
      "requiredLevel": 10,
      "price": 268,
      "unlocked": true,
      "limitCount": 0,
      "boughtNum": 0,
      "exp": 128,
      "expPerCycle": 129,
      "growTimeSec": 7200,
      "growTimeStr": "2小时",
      "expPerHour": 64.5,
      "expPerGold": 0.481343,
      "seasons": 1,
      "fruitId": 40005,
      "fruitCount": 60
    },
    {
      "seedId": 20071,
      "goodsId": 23,
      "plantId": 1020071,
      "name": "小白菜",
      "requiredLevel": 11,
      "price": 335,
      "unlocked": true,
      "limitCount": 0,
      "boughtNum": 0,
      "exp": 160,
      "expPerCycle": 161,
      "growTimeSec": 9000,
      "growTimeStr": "2小时30分",
      "expPerHour": 64.4,
      "expPerGold": 0.480597,
      "seasons": 1,
      "fruitId": 40071,
      "fruitCount": 80
    },
    {
      "seedId": 20096,
      "goodsId": 24,
      "plantId": 1020096,
      "name": "生菜",
      "requiredLevel": 12,
      "price": 402,
      "unlocked": true,
      "limitCount": 0,
      "boughtNum": 0,
      "exp": 192,
      "expPerCycle": 193,
      "growTimeSec": 10800,
      "growTimeStr": "3小时",
      "expPerHour": 64.3333,
      "expPerGold": 0.4801,
      "seasons": 1,
      "fruitId": 40096,
      "fruitCount": 80
    },
    {
      "seedId": 20099,
      "goodsId": 60,
      "plantId": 1020099,
      "name": "油菜",
      "requiredLevel": 13,
      "price": 576,
      "unlocked": true,
      "limitCount": 0,
      "boughtNum": 0,
      "exp": 272,
      "expPerCycle": 273,
      "growTimeSec": 14400,
      "growTimeStr": "4小时",
      "expPerHour": 68.25,
      "expPerGold": 0.473958,
      "seasons": 1,
      "fruitId": 40099,
      "fruitCount": 200
    },
    {
      "seedId": 20006,
      "goodsId": 25,
      "plantId": 1020006,
      "name": "茄子",
      "requiredLevel": 14,
      "price": 1152,
      "unlocked": true,
      "limitCount": 0,
      "boughtNum": 0,
      "exp": 544,
      "expPerCycle": 545,
      "growTimeSec": 28800,
      "growTimeStr": "8小时",
      "expPerHour": 68.125,
      "expPerGold": 0.47309,
      "seasons": 1,
      "fruitId": 40006,
      "fruitCount": 200
    },
    {
      "seedId": 20051,
      "goodsId": 26,
      "plantId": 1020051,
      "name": "红枣",
      "requiredLevel": 15,
      "price": 1728,
      "unlocked": true,
      "limitCount": 0,
      "boughtNum": 0,
      "exp": 816,
      "expPerCycle": 817,
      "growTimeSec": 43200,
      "growTimeStr": "12小时",
      "expPerHour": 68.0833,
      "expPerGold": 0.472801,
      "seasons": 1,
      "fruitId": 40051,
      "fruitCount": 200
    },
    {
      "seedId": 20120,
      "goodsId": 117,
      "plantId": 1020120,
      "name": "蒲公英",
      "requiredLevel": 16,
      "price": 3456,
      "unlocked": true,
      "limitCount": 0,
      "boughtNum": 0,
      "exp": 1632,
      "expPerCycle": 1633,
      "growTimeSec": 86400,
      "growTimeStr": "24小时",
      "expPerHour": 68.0417,
      "expPerGold": 0.472512,
      "seasons": 1,
      "fruitId": 40120,
      "fruitCount": 200
    },
    {
      "seedId": 20259,
      "goodsId": 118,
      "plantId": 1020259,
      "name": "银莲花",
      "requiredLevel": 17,
      "price": 640,
      "unlocked": true,
      "limitCount": 0,
      "boughtNum": 0,
      "exp": 288,
      "expPerCycle": 289,
      "growTimeSec": 14400,
      "growTimeStr": "4小时",
      "expPerHour": 72.25,
      "expPerGold": 0.451562,
      "seasons": 1,
      "fruitId": 40259,
      "fruitCount": 200
    },
    {
      "seedId": 20007,
      "goodsId": 27,
      "plantId": 1020007,
      "name": "番茄",
      "requiredLevel": 18,
      "price": 1280,
      "unlocked": true,
      "limitCount": 0,
      "boughtNum": 0,
      "exp": 576,
      "expPerCycle": 577,
      "growTimeSec": 28800,
      "growTimeStr": "8小时",
      "expPerHour": 72.125,
      "expPerGold": 0.450781,
      "seasons": 1,
      "fruitId": 40007,
      "fruitCount": 200
    },
    {
      "seedId": 20098,
      "goodsId": 28,
      "plantId": 1020098,
      "name": "花菜",
      "requiredLevel": 19,
      "price": 1920,
      "unlocked": true,
      "limitCount": 0,
      "boughtNum": 0,
      "exp": 864,
      "expPerCycle": 865,
      "growTimeSec": 43200,
      "growTimeStr": "12小时",
      "expPerHour": 72.0833,
      "expPerGold": 0.450521,
      "seasons": 1,
      "fruitId": 40098,
      "fruitCount": 200
    },
    {
      "seedId": 20305,
      "goodsId": 61,
      "plantId": 1020305,
      "name": "韭菜",
      "requiredLevel": 20,
      "price": 3840,
      "unlocked": true,
      "limitCount": 0,
      "boughtNum": 0,
      "exp": 1728,
      "expPerCycle": 1729,
      "growTimeSec": 86400,
      "growTimeStr": "24小时",
      "expPerHour": 72.0417,
      "expPerGold": 0.45026,
      "seasons": 1,
      "fruitId": 40305,
      "fruitCount": 200
    },
    {
      "seedId": 20105,
      "goodsId": 119,
      "plantId": 1020105,
      "name": "小雏菊",
      "requiredLevel": 21,
      "price": 704,
      "unlocked": true,
      "limitCount": 0,
      "boughtNum": 0,
      "exp": 304,
      "expPerCycle": 305,
      "growTimeSec": 14400,
      "growTimeStr": "4小时",
      "expPerHour": 76.25,
      "expPerGold": 0.433239,
      "seasons": 1,
      "fruitId": 40105,
      "fruitCount": 200
    },
    {
      "seedId": 20008,
      "goodsId": 29,
      "plantId": 1020008,
      "name": "豌豆",
      "requiredLevel": 22,
      "price": 1408,
      "unlocked": true,
      "limitCount": 0,
      "boughtNum": 0,
      "exp": 608,
      "expPerCycle": 609,
      "growTimeSec": 28800,
      "growTimeStr": "8小时",
      "expPerHour": 76.125,
      "expPerGold": 0.432528,
      "seasons": 1,
      "fruitId": 40008,
      "fruitCount": 200
    },
    {
      "seedId": 20037,
      "goodsId": 63,
      "plantId": 1020037,
      "name": "莲藕",
      "requiredLevel": 23,
      "price": 2112,
      "unlocked": true,
      "limitCount": 0,
      "boughtNum": 0,
      "exp": 912,
      "expPerCycle": 913,
      "growTimeSec": 43200,
      "growTimeStr": "12小时",
      "expPerHour": 76.0833,
      "expPerGold": 0.432292,
      "seasons": 1,
      "fruitId": 40037,
      "fruitCount": 200
    },
    {
      "seedId": 20041,
      "goodsId": 30,
      "plantId": 1020041,
      "name": "红玫瑰",
      "requiredLevel": 24,
      "price": 4224,
      "unlocked": true,
      "limitCount": 0,
      "boughtNum": 0,
      "exp": 1824,
      "expPerCycle": 1825,
      "growTimeSec": 86400,
      "growTimeStr": "24小时",
      "expPerHour": 76.0417,
      "expPerGold": 0.432055,
      "seasons": 1,
      "fruitId": 40041,
      "fruitCount": 200
    },
    {
      "seedId": 20161,
      "goodsId": 120,
      "plantId": 1020161,
      "name": "秋菊（黄色）",
      "requiredLevel": 25,
      "price": 792,
      "unlocked": true,
      "limitCount": 0,
      "boughtNum": 0,
      "exp": 324,
      "expPerCycle": 325,
      "growTimeSec": 14400,
      "growTimeStr": "4小时",
      "expPerHour": 81.25,
      "expPerGold": 0.410354,
      "seasons": 1,
      "fruitId": 40161,
      "fruitCount": 200
    },
    {
      "seedId": 20110,
      "goodsId": 121,
      "plantId": 1020110,
      "name": "满天星",
      "requiredLevel": 26,
      "price": 1584,
      "unlocked": true,
      "limitCount": 0,
      "boughtNum": 0,
      "exp": 648,
      "expPerCycle": 649,
      "growTimeSec": 28800,
      "growTimeStr": "8小时",
      "expPerHour": 81.125,
      "expPerGold": 0.409722,
      "seasons": 1,
      "fruitId": 40110,
      "fruitCount": 200
    },
    {
      "seedId": 20143,
      "goodsId": 122,
      "plantId": 1020143,
      "name": "含羞草",
      "requiredLevel": 27,
      "price": 2376,
      "unlocked": true,
      "limitCount": 0,
      "boughtNum": 0,
      "exp": 972,
      "expPerCycle": 973,
      "growTimeSec": 43200,
      "growTimeStr": "12小时",
      "expPerHour": 81.0833,
      "expPerGold": 0.409512,
      "seasons": 1,
      "fruitId": 40143,
      "fruitCount": 200
    },
    {
      "seedId": 20147,
      "goodsId": 123,
      "plantId": 1020147,
      "name": "牵牛花",
      "requiredLevel": 28,
      "price": 4752,
      "unlocked": true,
      "limitCount": 0,
      "boughtNum": 0,
      "exp": 1944,
      "expPerCycle": 1945,
      "growTimeSec": 86400,
      "growTimeStr": "24小时",
      "expPerHour": 81.0417,
      "expPerGold": 0.409301,
      "seasons": 1,
      "fruitId": 40147,
      "fruitCount": 200
    },
    {
      "seedId": 20162,
      "goodsId": 124,
      "plantId": 1020162,
      "name": "秋菊（红色）",
      "requiredLevel": 29,
      "price": 888,
      "unlocked": true,
      "limitCount": 0,
      "boughtNum": 0,
      "exp": 344,
      "expPerCycle": 345,
      "growTimeSec": 14400,
      "growTimeStr": "4小时",
      "expPerHour": 86.25,
      "expPerGold": 0.388514,
      "seasons": 1,
      "fruitId": 40162,
      "fruitCount": 200
    },
    {
      "seedId": 20009,
      "goodsId": 31,
      "plantId": 1020009,
      "name": "辣椒",
      "requiredLevel": 30,
      "price": 1776,
      "unlocked": true,
      "limitCount": 0,
      "boughtNum": 0,
      "exp": 688,
      "expPerCycle": 689,
      "growTimeSec": 28800,
      "growTimeStr": "8小时",
      "expPerHour": 86.125,
      "expPerGold": 0.38795,
      "seasons": 1,
      "fruitId": 40009,
      "fruitCount": 200
    },
    {
      "seedId": 20097,
      "goodsId": 32,
      "plantId": 1020097,
      "name": "黄瓜",
      "requiredLevel": 31,
      "price": 2664,
      "unlocked": true,
      "limitCount": 0,
      "boughtNum": 0,
      "exp": 1032,
      "expPerCycle": 1033,
      "growTimeSec": 43200,
      "growTimeStr": "12小时",
      "expPerHour": 86.0833,
      "expPerGold": 0.387763,
      "seasons": 1,
      "fruitId": 40097,
      "fruitCount": 200
    },
    {
      "seedId": 20306,
      "goodsId": 64,
      "plantId": 1020306,
      "name": "芹菜",
      "requiredLevel": 32,
      "price": 5328,
      "unlocked": true,
      "limitCount": 0,
      "boughtNum": 0,
      "exp": 2064,
      "expPerCycle": 2065,
      "growTimeSec": 86400,
      "growTimeStr": "24小时",
      "expPerHour": 86.0417,
      "expPerGold": 0.387575,
      "seasons": 1,
      "fruitId": 40306,
      "fruitCount": 200
    },
    {
      "seedId": 20103,
      "goodsId": 125,
      "plantId": 1020103,
      "name": "天香百合",
      "requiredLevel": 33,
      "price": 992,
      "unlocked": true,
      "limitCount": 0,
      "boughtNum": 0,
      "exp": 368,
      "expPerCycle": 369,
      "growTimeSec": 14400,
      "growTimeStr": "4小时",
      "expPerHour": 92.25,
      "expPerGold": 0.371976,
      "seasons": 1,
      "fruitId": 40103,
      "fruitCount": 200
    },
    {
      "seedId": 20010,
      "goodsId": 33,
      "plantId": 1020010,
      "name": "南瓜",
      "requiredLevel": 34,
      "price": 1984,
      "unlocked": false,
      "limitCount": 0,
      "boughtNum": 0,
      "exp": 736,
      "expPerCycle": 737,
      "growTimeSec": 28800,
      "growTimeStr": "8小时",
      "expPerHour": 92.125,
      "expPerGold": 0.371472,
      "seasons": 1,
      "fruitId": 40010,
      "fruitCount": 200
    },
    {
      "seedId": 20308,
      "goodsId": 34,
      "plantId": 1020308,
      "name": "核桃",
      "requiredLevel": 35,
      "price": 2976,
      "unlocked": false,
      "limitCount": 0,
      "boughtNum": 0,
      "exp": 1104,
      "expPerCycle": 1105,
      "growTimeSec": 43200,
      "growTimeStr": "12小时",
      "expPerHour": 92.0833,
      "expPerGold": 0.371304,
      "seasons": 1,
      "fruitId": 40308,
      "fruitCount": 200
    },
    {
      "seedId": 20091,
      "goodsId": 126,
      "plantId": 1020091,
      "name": "山楂",
      "requiredLevel": 36,
      "price": 5952,
      "unlocked": false,
      "limitCount": 0,
      "boughtNum": 0,
      "exp": 2208,
      "expPerCycle": 2209,
      "growTimeSec": 86400,
      "growTimeStr": "24小时",
      "expPerHour": 92.0417,
      "expPerGold": 0.371136,
      "seasons": 1,
      "fruitId": 40091,
      "fruitCount": 200
    },
    {
      "seedId": 20073,
      "goodsId": 127,
      "plantId": 1020073,
      "name": "菠菜",
      "requiredLevel": 37,
      "price": 1120,
      "unlocked": false,
      "limitCount": 0,
      "boughtNum": 0,
      "exp": 392,
      "expPerCycle": 393,
      "growTimeSec": 14400,
      "growTimeStr": "4小时",
      "expPerHour": 98.25,
      "expPerGold": 0.350893,
      "seasons": 1,
      "fruitId": 40073,
      "fruitCount": 200
    },
    {
      "seedId": 20001,
      "goodsId": 35,
      "plantId": 1020001,
      "name": "草莓",
      "requiredLevel": 38,
      "price": 2240,
      "unlocked": false,
      "limitCount": 0,
      "boughtNum": 0,
      "exp": 784,
      "expPerCycle": 785,
      "growTimeSec": 28800,
      "growTimeStr": "8小时",
      "expPerHour": 98.125,
      "expPerGold": 0.350446,
      "seasons": 1,
      "fruitId": 40001,
      "fruitCount": 200
    },
    {
      "seedId": 20011,
      "goodsId": 36,
      "plantId": 1020011,
      "name": "苹果",
      "requiredLevel": 39,
      "price": 3360,
      "unlocked": false,
      "limitCount": 0,
      "boughtNum": 0,
      "exp": 1176,
      "expPerCycle": 1177,
      "growTimeSec": 43200,
      "growTimeStr": "12小时",
      "expPerHour": 98.0833,
      "expPerGold": 0.350298,
      "seasons": 1,
      "fruitId": 40011,
      "fruitCount": 200
    },
    {
      "seedId": 20062,
      "goodsId": 128,
      "plantId": 1020062,
      "name": "四叶草",
      "requiredLevel": 40,
      "price": 6720,
      "unlocked": false,
      "limitCount": 0,
      "boughtNum": 0,
      "exp": 2352,
      "expPerCycle": 2353,
      "growTimeSec": 86400,
      "growTimeStr": "24小时",
      "expPerHour": 98.0417,
      "expPerGold": 0.350149,
      "seasons": 1,
      "fruitId": 40062,
      "fruitCount": 200
    },
    {
      "seedId": 20104,
      "goodsId": 129,
      "plantId": 1020104,
      "name": "非洲菊",
      "requiredLevel": 41,
      "price": 1248,
      "unlocked": false,
      "limitCount": 0,
      "boughtNum": 0,
      "exp": 420,
      "expPerCycle": 421,
      "growTimeSec": 14400,
      "growTimeStr": "4小时",
      "expPerHour": 105.25,
      "expPerGold": 0.33734,
      "seasons": 1,
      "fruitId": 40104,
      "fruitCount": 200
    },
    {
      "seedId": 20135,
      "goodsId": 130,
      "plantId": 1020135,
      "name": "火绒草",
      "requiredLevel": 42,
      "price": 2496,
      "unlocked": false,
      "limitCount": 0,
      "boughtNum": 0,
      "exp": 840,
      "expPerCycle": 841,
      "growTimeSec": 28800,
      "growTimeStr": "8小时",
      "expPerHour": 105.125,
      "expPerGold": 0.336939,
      "seasons": 1,
      "fruitId": 40135,
      "fruitCount": 200
    },
    {
      "seedId": 20141,
      "goodsId": 131,
      "plantId": 1020141,
      "name": "花香根鸢尾",
      "requiredLevel": 43,
      "price": 3744,
      "unlocked": false,
      "limitCount": 0,
      "boughtNum": 0,
      "exp": 1260,
      "expPerCycle": 1261,
      "growTimeSec": 43200,
      "growTimeStr": "12小时",
      "expPerHour": 105.0833,
      "expPerGold": 0.336806,
      "seasons": 1,
      "fruitId": 40141,
      "fruitCount": 200
    },
    {
      "seedId": 20142,
      "goodsId": 132,
      "plantId": 1020142,
      "name": "虞美人",
      "requiredLevel": 44,
      "price": 7488,
      "unlocked": false,
      "limitCount": 0,
      "boughtNum": 0,
      "exp": 2520,
      "expPerCycle": 2521,
      "growTimeSec": 86400,
      "growTimeStr": "24小时",
      "expPerHour": 105.0417,
      "expPerGold": 0.336672,
      "seasons": 1,
      "fruitId": 40142,
      "fruitCount": 200
    },
    {
      "seedId": 20145,
      "goodsId": 133,
      "plantId": 1020145,
      "name": "向日葵",
      "requiredLevel": 45,
      "price": 1400,
      "unlocked": false,
      "limitCount": 0,
      "boughtNum": 0,
      "exp": 448,
      "expPerCycle": 449,
      "growTimeSec": 14400,
      "growTimeStr": "4小时",
      "expPerHour": 112.25,
      "expPerGold": 0.320714,
      "seasons": 1,
      "fruitId": 40145,
      "fruitCount": 200
    },
    {
      "seedId": 20014,
      "goodsId": 37,
      "plantId": 1020014,
      "name": "西瓜",
      "requiredLevel": 46,
      "price": 2800,
      "unlocked": false,
      "limitCount": 0,
      "boughtNum": 0,
      "exp": 896,
      "expPerCycle": 897,
      "growTimeSec": 28800,
      "growTimeStr": "8小时",
      "expPerHour": 112.125,
      "expPerGold": 0.320357,
      "seasons": 1,
      "fruitId": 40014,
      "fruitCount": 200
    },
    {
      "seedId": 20070,
      "goodsId": 38,
      "plantId": 1020070,
      "name": "黄豆",
      "requiredLevel": 47,
      "price": 4200,
      "unlocked": false,
      "limitCount": 0,
      "boughtNum": 0,
      "exp": 1344,
      "expPerCycle": 1345,
      "growTimeSec": 43200,
      "growTimeStr": "12小时",
      "expPerHour": 112.0833,
      "expPerGold": 0.320238,
      "seasons": 1,
      "fruitId": 40070,
      "fruitCount": 200
    },
    {
      "seedId": 20015,
      "goodsId": 39,
      "plantId": 1020015,
      "name": "香蕉",
      "requiredLevel": 48,
      "price": 8400,
      "unlocked": false,
      "limitCount": 0,
      "boughtNum": 0,
      "exp": 2688,
      "expPerCycle": 2689,
      "growTimeSec": 86400,
      "growTimeStr": "24小时",
      "expPerHour": 112.0417,
      "expPerGold": 0.320119,
      "seasons": 1,
      "fruitId": 40015,
      "fruitCount": 200
    },
    {
      "seedId": 20100,
      "goodsId": 40,
      "plantId": 1020100,
      "name": "竹笋",
      "requiredLevel": 49,
      "price": 1560,
      "unlocked": false,
      "limitCount": 0,
      "boughtNum": 0,
      "exp": 476,
      "expPerCycle": 477,
      "growTimeSec": 14400,
      "growTimeStr": "4小时",
      "expPerHour": 119.25,
      "expPerGold": 0.305769,
      "seasons": 1,
      "fruitId": 40100,
      "fruitCount": 200
    },
    {
      "seedId": 20018,
      "goodsId": 41,
      "plantId": 1020018,
      "name": "桃子",
      "requiredLevel": 50,
      "price": 3120,
      "unlocked": false,
      "limitCount": 0,
      "boughtNum": 0,
      "exp": 952,
      "expPerCycle": 953,
      "growTimeSec": 28800,
      "growTimeStr": "8小时",
      "expPerHour": 119.125,
      "expPerGold": 0.305449,
      "seasons": 1,
      "fruitId": 40018,
      "fruitCount": 200
    },
    {
      "seedId": 20047,
      "goodsId": 42,
      "plantId": 1020047,
      "name": "甘蔗",
      "requiredLevel": 51,
      "price": 4680,
      "unlocked": false,
      "limitCount": 0,
      "boughtNum": 0,
      "exp": 1428,
      "expPerCycle": 1429,
      "growTimeSec": 43200,
      "growTimeStr": "12小时",
      "expPerHour": 119.0833,
      "expPerGold": 0.305342,
      "seasons": 1,
      "fruitId": 40047,
      "fruitCount": 200
    },
    {
      "seedId": 20019,
      "goodsId": 43,
      "plantId": 1020019,
      "name": "橙子",
      "requiredLevel": 52,
      "price": 9360,
      "unlocked": false,
      "limitCount": 0,
      "boughtNum": 0,
      "exp": 2856,
      "expPerCycle": 2857,
      "growTimeSec": 86400,
      "growTimeStr": "24小时",
      "expPerHour": 119.0417,
      "expPerGold": 0.305235,
      "seasons": 1,
      "fruitId": 40019,
      "fruitCount": 200
    },
    {
      "seedId": 20128,
      "goodsId": 134,
      "plantId": 1020128,
      "name": "茉莉花",
      "requiredLevel": 53,
      "price": 1728,
      "unlocked": false,
      "limitCount": 0,
      "boughtNum": 0,
      "exp": 508,
      "expPerCycle": 509,
      "growTimeSec": 14400,
      "growTimeStr": "4小时",
      "expPerHour": 127.25,
      "expPerGold": 0.29456,
      "seasons": 1,
      "fruitId": 40128,
      "fruitCount": 200
    },
    {
      "seedId": 20013,
      "goodsId": 44,
      "plantId": 1020013,
      "name": "葡萄",
      "requiredLevel": 54,
      "price": 3456,
      "unlocked": false,
      "limitCount": 0,
      "boughtNum": 0,
      "exp": 1016,
      "expPerCycle": 1017,
      "growTimeSec": 28800,
      "growTimeStr": "8小时",
      "expPerHour": 127.125,
      "expPerGold": 0.294271,
      "seasons": 1,
      "fruitId": 40013,
      "fruitCount": 200
    },
    {
      "seedId": 20044,
      "goodsId": 45,
      "plantId": 1020044,
      "name": "丝瓜",
      "requiredLevel": 55,
      "price": 5184,
      "unlocked": false,
      "limitCount": 0,
      "boughtNum": 0,
      "exp": 1524,
      "expPerCycle": 1525,
      "growTimeSec": 43200,
      "growTimeStr": "12小时",
      "expPerHour": 127.0833,
      "expPerGold": 0.294174,
      "seasons": 1,
      "fruitId": 40044,
      "fruitCount": 200
    },
    {
      "seedId": 20072,
      "goodsId": 66,
      "plantId": 1020072,
      "name": "榛子",
      "requiredLevel": 56,
      "price": 10368,
      "unlocked": false,
      "limitCount": 0,
      "boughtNum": 0,
      "exp": 3048,
      "expPerCycle": 3049,
      "growTimeSec": 86400,
      "growTimeStr": "24小时",
      "expPerHour": 127.0417,
      "expPerGold": 0.294078,
      "seasons": 1,
      "fruitId": 40072,
      "fruitCount": 200
    },
    {
      "seedId": 20396,
      "goodsId": 46,
      "plantId": 1020396,
      "name": "迎春花",
      "requiredLevel": 57,
      "price": 1920,
      "unlocked": false,
      "limitCount": 0,
      "boughtNum": 0,
      "exp": 540,
      "expPerCycle": 541,
      "growTimeSec": 14400,
      "growTimeStr": "4小时",
      "expPerHour": 135.25,
      "expPerGold": 0.281771,
      "seasons": 1,
      "fruitId": 40396,
      "fruitCount": 200
    },
    {
      "seedId": 20023,
      "goodsId": 47,
      "plantId": 1020023,
      "name": "石榴",
      "requiredLevel": 58,
      "price": 3840,
      "unlocked": false,
      "limitCount": 0,
      "boughtNum": 0,
      "exp": 1080,
      "expPerCycle": 1081,
      "growTimeSec": 28800,
      "growTimeStr": "8小时",
      "expPerHour": 135.125,
      "expPerGold": 0.28151,
      "seasons": 1,
      "fruitId": 40023,
      "fruitCount": 200
    },
    {
      "seedId": 20095,
      "goodsId": 48,
      "plantId": 1020095,
      "name": "栗子",
      "requiredLevel": 59,
      "price": 5760,
      "unlocked": false,
      "limitCount": 0,
      "boughtNum": 0,
      "exp": 1620,
      "expPerCycle": 1621,
      "growTimeSec": 43200,
      "growTimeStr": "12小时",
      "expPerHour": 135.0833,
      "expPerGold": 0.281424,
      "seasons": 1,
      "fruitId": 40095,
      "fruitCount": 200
    },
    {
      "seedId": 20026,
      "goodsId": 49,
      "plantId": 1020026,
      "name": "柚子",
      "requiredLevel": 60,
      "price": 11520,
      "unlocked": false,
      "limitCount": 0,
      "boughtNum": 0,
      "exp": 3240,
      "expPerCycle": 3241,
      "growTimeSec": 86400,
      "growTimeStr": "24小时",
      "expPerHour": 135.0417,
      "expPerGold": 0.281337,
      "seasons": 1,
      "fruitId": 40026,
      "fruitCount": 200
    },
    {
      "seedId": 20050,
      "goodsId": 50,
      "plantId": 1020050,
      "name": "蘑菇",
      "requiredLevel": 61,
      "price": 3168,
      "unlocked": false,
      "limitCount": 0,
      "boughtNum": 0,
      "exp": 429,
      "expPerCycle": 430,
      "growTimeSec": 14400,
      "growTimeStr": "4小时",
      "expPerHour": 107.5,
      "expPerGold": 0.135732,
      "seasons": 2,
      "fruitId": 40050,
      "fruitCount": 200
    },
    {
      "seedId": 20027,
      "goodsId": 51,
      "plantId": 1020027,
      "name": "菠萝",
      "requiredLevel": 62,
      "price": 6336,
      "unlocked": false,
      "limitCount": 0,
      "boughtNum": 0,
      "exp": 858,
      "expPerCycle": 859,
      "growTimeSec": 28800,
      "growTimeStr": "8小时",
      "expPerHour": 107.375,
      "expPerGold": 0.135574,
      "seasons": 2,
      "fruitId": 40027,
      "fruitCount": 200
    },
    {
      "seedId": 20036,
      "goodsId": 52,
      "plantId": 1020036,
      "name": "箬竹",
      "requiredLevel": 63,
      "price": 9504,
      "unlocked": false,
      "limitCount": 0,
      "boughtNum": 0,
      "exp": 1287,
      "expPerCycle": 1288,
      "growTimeSec": 43200,
      "growTimeStr": "12小时",
      "expPerHour": 107.3333,
      "expPerGold": 0.135522,
      "seasons": 2,
      "fruitId": 40036,
      "fruitCount": 200
    },
    {
      "seedId": 20043,
      "goodsId": 68,
      "plantId": 1020043,
      "name": "无花果",
      "requiredLevel": 64,
      "price": 19008,
      "unlocked": false,
      "limitCount": 0,
      "boughtNum": 0,
      "exp": 2574,
      "expPerCycle": 2575,
      "growTimeSec": 86400,
      "growTimeStr": "24小时",
      "expPerHour": 107.2917,
      "expPerGold": 0.135469,
      "seasons": 2,
      "fruitId": 40043,
      "fruitCount": 200
    },
    {
      "seedId": 20029,
      "goodsId": 53,
      "plantId": 1020029,
      "name": "椰子",
      "requiredLevel": 65,
      "price": 3492,
      "unlocked": false,
      "limitCount": 0,
      "boughtNum": 0,
      "exp": 456,
      "expPerCycle": 457,
      "growTimeSec": 14400,
      "growTimeStr": "4小时",
      "expPerHour": 114.25,
      "expPerGold": 0.130871,
      "seasons": 2,
      "fruitId": 40029,
      "fruitCount": 200
    },
    {
      "seedId": 20049,
      "goodsId": 54,
      "plantId": 1020049,
      "name": "花生",
      "requiredLevel": 66,
      "price": 6984,
      "unlocked": false,
      "limitCount": 0,
      "boughtNum": 0,
      "exp": 912,
      "expPerCycle": 913,
      "growTimeSec": 28800,
      "growTimeStr": "8小时",
      "expPerHour": 114.125,
      "expPerGold": 0.130727,
      "seasons": 2,
      "fruitId": 40049,
      "fruitCount": 200
    },
    {
      "seedId": 20052,
      "goodsId": 70,
      "plantId": 1020052,
      "name": "金针菇",
      "requiredLevel": 67,
      "price": 10476,
      "unlocked": false,
      "limitCount": 0,
      "boughtNum": 0,
      "exp": 1368,
      "expPerCycle": 1369,
      "growTimeSec": 43200,
      "growTimeStr": "12小时",
      "expPerHour": 114.0833,
      "expPerGold": 0.13068,
      "seasons": 2,
      "fruitId": 40052,
      "fruitCount": 200
    },
    {
      "seedId": 20031,
      "goodsId": 55,
      "plantId": 1020031,
      "name": "葫芦",
      "requiredLevel": 68,
      "price": 20952,
      "unlocked": false,
      "limitCount": 0,
      "boughtNum": 0,
      "exp": 2736,
      "expPerCycle": 2737,
      "growTimeSec": 86400,
      "growTimeStr": "24小时",
      "expPerHour": 114.0417,
      "expPerGold": 0.130632,
      "seasons": 2,
      "fruitId": 40031,
      "fruitCount": 200
    },
    {
      "seedId": 20045,
      "goodsId": 56,
      "plantId": 1020045,
      "name": "猕猴桃",
      "requiredLevel": 69,
      "price": 3828,
      "unlocked": false,
      "limitCount": 0,
      "boughtNum": 0,
      "exp": 480,
      "expPerCycle": 481,
      "growTimeSec": 14400,
      "growTimeStr": "4小时",
      "expPerHour": 120.25,
      "expPerGold": 0.125653,
      "seasons": 2,
      "fruitId": 40045,
      "fruitCount": 200
    },
    {
      "seedId": 20054,
      "goodsId": 74,
      "plantId": 1020054,
      "name": "梨",
      "requiredLevel": 70,
      "price": 7656,
      "unlocked": false,
      "limitCount": 0,
      "boughtNum": 0,
      "exp": 960,
      "expPerCycle": 961,
      "growTimeSec": 28800,
      "growTimeStr": "8小时",
      "expPerHour": 120.125,
      "expPerGold": 0.125522,
      "seasons": 2,
      "fruitId": 40054,
      "fruitCount": 200
    },
    {
      "seedId": 20442,
      "goodsId": 78,
      "plantId": 1020442,
      "name": "睡莲",
      "requiredLevel": 71,
      "price": 11484,
      "unlocked": false,
      "limitCount": 0,
      "boughtNum": 0,
      "exp": 1440,
      "expPerCycle": 1441,
      "growTimeSec": 43200,
      "growTimeStr": "12小时",
      "expPerHour": 120.0833,
      "expPerGold": 0.125479,
      "seasons": 2,
      "fruitId": 40442,
      "fruitCount": 200
    },
    {
      "seedId": 20033,
      "goodsId": 83,
      "plantId": 1020033,
      "name": "火龙果",
      "requiredLevel": 72,
      "price": 22968,
      "unlocked": false,
      "limitCount": 0,
      "boughtNum": 0,
      "exp": 2880,
      "expPerCycle": 2881,
      "growTimeSec": 86400,
      "growTimeStr": "24小时",
      "expPerHour": 120.0417,
      "expPerGold": 0.125435,
      "seasons": 2,
      "fruitId": 40033,
      "fruitCount": 200
    },
    {
      "seedId": 20055,
      "goodsId": 62,
      "plantId": 1020055,
      "name": "枇杷",
      "requiredLevel": 73,
      "price": 4176,
      "unlocked": false,
      "limitCount": 0,
      "boughtNum": 0,
      "exp": 510,
      "expPerCycle": 511,
      "growTimeSec": 14400,
      "growTimeStr": "4小时",
      "expPerHour": 127.75,
      "expPerGold": 0.122366,
      "seasons": 2,
      "fruitId": 40055,
      "fruitCount": 200
    },
    {
      "seedId": 20034,
      "goodsId": 65,
      "plantId": 1020034,
      "name": "樱桃",
      "requiredLevel": 74,
      "price": 8352,
      "unlocked": false,
      "limitCount": 0,
      "boughtNum": 0,
      "exp": 1020,
      "expPerCycle": 1021,
      "growTimeSec": 28800,
      "growTimeStr": "8小时",
      "expPerHour": 127.625,
      "expPerGold": 0.122246,
      "seasons": 2,
      "fruitId": 40034,
      "fruitCount": 200
    },
    {
      "seedId": 20413,
      "goodsId": 67,
      "plantId": 1020413,
      "name": "李子",
      "requiredLevel": 75,
      "price": 12528,
      "unlocked": false,
      "limitCount": 0,
      "boughtNum": 0,
      "exp": 1530,
      "expPerCycle": 1531,
      "growTimeSec": 43200,
      "growTimeStr": "12小时",
      "expPerHour": 127.5833,
      "expPerGold": 0.122206,
      "seasons": 2,
      "fruitId": 40413,
      "fruitCount": 200
    },
    {
      "seedId": 20035,
      "goodsId": 69,
      "plantId": 1020035,
      "name": "荔枝",
      "requiredLevel": 76,
      "price": 25056,
      "unlocked": false,
      "limitCount": 0,
      "boughtNum": 0,
      "exp": 3060,
      "expPerCycle": 3061,
      "growTimeSec": 86400,
      "growTimeStr": "24小时",
      "expPerHour": 127.5417,
      "expPerGold": 0.122166,
      "seasons": 2,
      "fruitId": 40035,
      "fruitCount": 200
    },
    {
      "seedId": 20067,
      "goodsId": 72,
      "plantId": 1020067,
      "name": "香瓜",
      "requiredLevel": 77,
      "price": 4560,
      "unlocked": false,
      "limitCount": 0,
      "boughtNum": 0,
      "exp": 537,
      "expPerCycle": 538,
      "growTimeSec": 14400,
      "growTimeStr": "4小时",
      "expPerHour": 134.5,
      "expPerGold": 0.117982,
      "seasons": 2,
      "fruitId": 40067,
      "fruitCount": 200
    },
    {
      "seedId": 20038,
      "goodsId": 75,
      "plantId": 1020038,
      "name": "木瓜",
      "requiredLevel": 78,
      "price": 9120,
      "unlocked": false,
      "limitCount": 0,
      "boughtNum": 0,
      "exp": 1074,
      "expPerCycle": 1075,
      "growTimeSec": 28800,
      "growTimeStr": "8小时",
      "expPerHour": 134.375,
      "expPerGold": 0.117873,
      "seasons": 2,
      "fruitId": 40038,
      "fruitCount": 200
    },
    {
      "seedId": 20053,
      "goodsId": 77,
      "plantId": 1020053,
      "name": "桂圆",
      "requiredLevel": 79,
      "price": 13680,
      "unlocked": false,
      "limitCount": 0,
      "boughtNum": 0,
      "exp": 1611,
      "expPerCycle": 1612,
      "growTimeSec": 43200,
      "growTimeStr": "12小时",
      "expPerHour": 134.3333,
      "expPerGold": 0.117836,
      "seasons": 2,
      "fruitId": 40053,
      "fruitCount": 200
    },
    {
      "seedId": 20080,
      "goodsId": 80,
      "plantId": 1020080,
      "name": "月柿",
      "requiredLevel": 80,
      "price": 27360,
      "unlocked": false,
      "limitCount": 0,
      "boughtNum": 0,
      "exp": 3222,
      "expPerCycle": 3223,
      "growTimeSec": 86400,
      "growTimeStr": "24小时",
      "expPerHour": 134.2917,
      "expPerGold": 0.1178,
      "seasons": 2,
      "fruitId": 40080,
      "fruitCount": 200
    },
    {
      "seedId": 20039,
      "goodsId": 82,
      "plantId": 1020039,
      "name": "杨桃",
      "requiredLevel": 81,
      "price": 4944,
      "unlocked": false,
      "limitCount": 0,
      "boughtNum": 0,
      "exp": 567,
      "expPerCycle": 568,
      "growTimeSec": 14400,
      "growTimeStr": "4小时",
      "expPerHour": 142,
      "expPerGold": 0.114887,
      "seasons": 2,
      "fruitId": 40039,
      "fruitCount": 200
    },
    {
      "seedId": 20056,
      "goodsId": 84,
      "plantId": 1020056,
      "name": "哈密瓜",
      "requiredLevel": 82,
      "price": 9888,
      "unlocked": false,
      "limitCount": 0,
      "boughtNum": 0,
      "exp": 1134,
      "expPerCycle": 1135,
      "growTimeSec": 28800,
      "growTimeStr": "8小时",
      "expPerHour": 141.875,
      "expPerGold": 0.114786,
      "seasons": 2,
      "fruitId": 40056,
      "fruitCount": 200
    },
    {
      "seedId": 20075,
      "goodsId": 71,
      "plantId": 1020075,
      "name": "桑葚",
      "requiredLevel": 83,
      "price": 14832,
      "unlocked": false,
      "limitCount": 0,
      "boughtNum": 0,
      "exp": 1701,
      "expPerCycle": 1702,
      "growTimeSec": 43200,
      "growTimeStr": "12小时",
      "expPerHour": 141.8333,
      "expPerGold": 0.114752,
      "seasons": 2,
      "fruitId": 40075,
      "fruitCount": 200
    },
    {
      "seedId": 20042,
      "goodsId": 73,
      "plantId": 1020042,
      "name": "柠檬",
      "requiredLevel": 84,
      "price": 29664,
      "unlocked": false,
      "limitCount": 0,
      "boughtNum": 0,
      "exp": 3402,
      "expPerCycle": 3403,
      "growTimeSec": 86400,
      "growTimeStr": "24小时",
      "expPerHour": 141.7917,
      "expPerGold": 0.114718,
      "seasons": 2,
      "fruitId": 40042,
      "fruitCount": 200
    },
    {
      "seedId": 20057,
      "goodsId": 76,
      "plantId": 1020057,
      "name": "芒果",
      "requiredLevel": 85,
      "price": 5364,
      "unlocked": false,
      "limitCount": 0,
      "boughtNum": 0,
      "exp": 597,
      "expPerCycle": 598,
      "growTimeSec": 14400,
      "growTimeStr": "4小时",
      "expPerHour": 149.5,
      "expPerGold": 0.111484,
      "seasons": 2,
      "fruitId": 40057,
      "fruitCount": 200
    },
    {
      "seedId": 20048,
      "goodsId": 79,
      "plantId": 1020048,
      "name": "杨梅",
      "requiredLevel": 86,
      "price": 10728,
      "unlocked": false,
      "limitCount": 0,
      "boughtNum": 0,
      "exp": 1194,
      "expPerCycle": 1195,
      "growTimeSec": 28800,
      "growTimeStr": "8小时",
      "expPerHour": 149.375,
      "expPerGold": 0.111391,
      "seasons": 2,
      "fruitId": 40048,
      "fruitCount": 200
    },
    {
      "seedId": 20058,
      "goodsId": 81,
      "plantId": 1020058,
      "name": "榴莲",
      "requiredLevel": 87,
      "price": 16092,
      "unlocked": false,
      "limitCount": 0,
      "boughtNum": 0,
      "exp": 1791,
      "expPerCycle": 1792,
      "growTimeSec": 43200,
      "growTimeStr": "12小时",
      "expPerHour": 149.3333,
      "expPerGold": 0.11136,
      "seasons": 2,
      "fruitId": 40058,
      "fruitCount": 200
    },
    {
      "seedId": 20079,
      "goodsId": 85,
      "plantId": 1020079,
      "name": "番石榴",
      "requiredLevel": 88,
      "price": 32184,
      "unlocked": false,
      "limitCount": 0,
      "boughtNum": 0,
      "exp": 3582,
      "expPerCycle": 3583,
      "growTimeSec": 86400,
      "growTimeStr": "24小时",
      "expPerHour": 149.2917,
      "expPerGold": 0.111329,
      "seasons": 2,
      "fruitId": 40079,
      "fruitCount": 200
    },
    {
      "seedId": 20218,
      "goodsId": 57,
      "plantId": 1020218,
      "name": "瓶子树",
      "requiredLevel": 89,
      "price": 5796,
      "unlocked": false,
      "limitCount": 0,
      "boughtNum": 0,
      "exp": 627,
      "expPerCycle": 628,
      "growTimeSec": 14400,
      "growTimeStr": "4小时",
      "expPerHour": 157,
      "expPerGold": 0.108351,
      "seasons": 2,
      "fruitId": 40218,
      "fruitCount": 200
    },
    {
      "seedId": 20077,
      "goodsId": 86,
      "plantId": 1020077,
      "name": "蓝莓",
      "requiredLevel": 90,
      "price": 11592,
      "unlocked": false,
      "limitCount": 0,
      "boughtNum": 0,
      "exp": 1254,
      "expPerCycle": 1255,
      "growTimeSec": 28800,
      "growTimeStr": "8小时",
      "expPerHour": 156.875,
      "expPerGold": 0.108264,
      "seasons": 2,
      "fruitId": 40077,
      "fruitCount": 200
    },
    {
      "seedId": 20220,
      "goodsId": 58,
      "plantId": 1020220,
      "name": "猪笼草",
      "requiredLevel": 91,
      "price": 17388,
      "unlocked": false,
      "limitCount": 0,
      "boughtNum": 0,
      "exp": 1881,
      "expPerCycle": 1882,
      "growTimeSec": 43200,
      "growTimeStr": "12小时",
      "expPerHour": 156.8333,
      "expPerGold": 0.108236,
      "seasons": 2,
      "fruitId": 40220,
      "fruitCount": 200
    },
    {
      "seedId": 20076,
      "goodsId": 87,
      "plantId": 1020076,
      "name": "山竹",
      "requiredLevel": 92,
      "price": 34776,
      "unlocked": false,
      "limitCount": 0,
      "boughtNum": 0,
      "exp": 3762,
      "expPerCycle": 3763,
      "growTimeSec": 86400,
      "growTimeStr": "24小时",
      "expPerHour": 156.7917,
      "expPerGold": 0.108207,
      "seasons": 2,
      "fruitId": 40076,
      "fruitCount": 200
    },
    {
      "seedId": 20116,
      "goodsId": 59,
      "plantId": 1020116,
      "name": "曼陀罗华",
      "requiredLevel": 93,
      "price": 6240,
      "unlocked": false,
      "limitCount": 0,
      "boughtNum": 0,
      "exp": 660,
      "expPerCycle": 661,
      "growTimeSec": 14400,
      "growTimeStr": "4小时",
      "expPerHour": 165.25,
      "expPerGold": 0.105929,
      "seasons": 2,
      "fruitId": 40116,
      "fruitCount": 200
    },
    {
      "seedId": 20126,
      "goodsId": 88,
      "plantId": 1020126,
      "name": "曼珠沙华",
      "requiredLevel": 94,
      "price": 12480,
      "unlocked": false,
      "limitCount": 0,
      "boughtNum": 0,
      "exp": 1320,
      "expPerCycle": 1321,
      "growTimeSec": 28800,
      "growTimeStr": "8小时",
      "expPerHour": 165.125,
      "expPerGold": 0.105849,
      "seasons": 2,
      "fruitId": 40126,
      "fruitCount": 200
    },
    {
      "seedId": 20063,
      "goodsId": 89,
      "plantId": 1020063,
      "name": "苦瓜",
      "requiredLevel": 95,
      "price": 18720,
      "unlocked": false,
      "limitCount": 0,
      "boughtNum": 0,
      "exp": 1980,
      "expPerCycle": 1981,
      "growTimeSec": 43200,
      "growTimeStr": "12小时",
      "expPerHour": 165.0833,
      "expPerGold": 0.105823,
      "seasons": 2,
      "fruitId": 40063,
      "fruitCount": 200
    },
    {
      "seedId": 20221,
      "goodsId": 93,
      "plantId": 1020221,
      "name": "天堂鸟",
      "requiredLevel": 96,
      "price": 37440,
      "unlocked": false,
      "limitCount": 0,
      "boughtNum": 0,
      "exp": 3960,
      "expPerCycle": 3961,
      "growTimeSec": 86400,
      "growTimeStr": "24小时",
      "expPerHour": 165.0417,
      "expPerGold": 0.105796,
      "seasons": 2,
      "fruitId": 40221,
      "fruitCount": 200
    },
    {
      "seedId": 20068,
      "goodsId": 92,
      "plantId": 1020068,
      "name": "冬瓜",
      "requiredLevel": 97,
      "price": 6720,
      "unlocked": false,
      "limitCount": 0,
      "boughtNum": 0,
      "exp": 693,
      "expPerCycle": 694,
      "growTimeSec": 14400,
      "growTimeStr": "4小时",
      "expPerHour": 173.5,
      "expPerGold": 0.103274,
      "seasons": 2,
      "fruitId": 40068,
      "fruitCount": 200
    },
    {
      "seedId": 20222,
      "goodsId": 94,
      "plantId": 1020222,
      "name": "豹皮花",
      "requiredLevel": 98,
      "price": 13440,
      "unlocked": false,
      "limitCount": 0,
      "boughtNum": 0,
      "exp": 1386,
      "expPerCycle": 1387,
      "growTimeSec": 28800,
      "growTimeStr": "8小时",
      "expPerHour": 173.375,
      "expPerGold": 0.103199,
      "seasons": 2,
      "fruitId": 40222,
      "fruitCount": 200
    },
    {
      "seedId": 20078,
      "goodsId": 96,
      "plantId": 1020078,
      "name": "杏子",
      "requiredLevel": 99,
      "price": 20160,
      "unlocked": false,
      "limitCount": 0,
      "boughtNum": 0,
      "exp": 2079,
      "expPerCycle": 2080,
      "growTimeSec": 43200,
      "growTimeStr": "12小时",
      "expPerHour": 173.3333,
      "expPerGold": 0.103175,
      "seasons": 2,
      "fruitId": 40078,
      "fruitCount": 200
    },
    {
      "seedId": 20074,
      "goodsId": 100,
      "plantId": 1020074,
      "name": "金桔",
      "requiredLevel": 100,
      "price": 40320,
      "unlocked": false,
      "limitCount": 0,
      "boughtNum": 0,
      "exp": 4158,
      "expPerCycle": 4159,
      "growTimeSec": 86400,
      "growTimeStr": "24小时",
      "expPerHour": 173.2917,
      "expPerGold": 0.10315,
      "seasons": 2,
      "fruitId": 40074,
      "fruitCount": 200
    }
  ]
}